cliente_id,nome_cliente,tipo_cliente,documento,cidade,estado,data_cadastro,status_cliente
1,Alves e Filhos,SUPERMERCADO,43.815.092/0001-70,Andrade do Sul,AP,2025-01-26,ATIVO
2,da Conceição Montenegro - EI,DISTRIBUIDOR,08.356.479/0001-05,Pastor de da Mota,SE,2025-08-17,ATIVO
3,Teixeira S.A.,SUPERMERCADO,65.419.203/0001-62,Brito da Praia,MS,2026-07-13,ATIVO
4,Aparecida,EMPRESA,78.130.426/0001-57,Oliveira do Oeste,RR,2026-03-09,ATIVO
5,Aparecida e Filhos,SUPERMERCADO,34.167.095/0001-54,Porto de Fonseca,CE,2025-04-06,ATIVO
6,Fogaça,DISTRIBUIDOR,34.185.760/0001-32,Garcia de da Mata,RS,2026-06-02,ATIVO
7,Rodrigues Duarte S/A,EMPRESA,30.592.817/0001-67,Cunha do Amparo,MG,2025-07-23,INATIVO
8,Casa Grande,DISTRIBUIDOR,42.359.687/0001-04,Pacheco das Flores,MS,2026-04-05,ATIVO
9,Carvalho Moraes - ME,SUPERMERCADO,10.975.632/0001-24,Gomes,MG,2025-06-13,INATIVO
10,Moura,RESTAURANTE,48.056.723/0001-39,Camargo da Mata,PA,2025-10-12,ATIVO
11,Marques Abreu e Filhos,DISTRIBUIDOR,48.290.715/0001-52,Teixeira da Serra,PI,2025-12-11,ATIVO
12,Peixoto Ltda.,SUPERMERCADO,70.126.983/0001-92,Barros,SC,2026-01-25,ATIVO
13,Azevedo,RESTAURANTE,82.953.416/0001-99,Cunha da Prata,SP,2025-12-19,ATIVO
14,Silva das Neves - ME,SUPERMERCADO,57.801.964/0001-56,Pastor,PI,2026-04-16,ATIVO
15,Pastor Câmara S/A,MERCADO,10.386.254/0001-43,da Mota,RO,2025-03-22,ATIVO
16,Cunha,EMPRESA,82.713.560/0001-58,Ribeiro,PA,2026-01-06,ATIVO
17,Lima,SUPERMERCADO,67.059.841/0001-45,Caldeira de Goiás,DF,2025-02-16,ATIVO
18,Nascimento Machado S.A.,RESTAURANTE,62.431.098/0001-99,Aragão,RS,2025-03-23,ATIVO
19,Borges S.A.,SUPERMERCADO,26.731.804/0001-54,Abreu das Flores,GO,2026-01-25,ATIVO
20,da Paz,MERCADO,68.719.250/0001-10,Souza,MT,2026-01-09,ATIVO
