entrega_id,pedido_id,data_saida,data_prevista,data_entrega,transportadora,rota
1,1,2026-06-10,2026-06-15,2026-06-15,TRANSPORTADORA_B,ROTA_SUL
2,2,2025-05-31,2025-06-02,2025-06-05,TRANSPORTADORA_A,ROTA_CENTRO
3,3,2025-06-20,2025-06-23,2025-06-23,TRANSPORTADORA_A,ROTA_LESTE
4,4,2026-01-17,2026-01-18,2026-01-18,TRANSPORTADORA_B,ROTA_SUL
5,5,2026-01-05,2026-01-07,2026-01-07,FROTA_PROPRIA,ROTA_CENTRO
6,6,2026-06-14,2026-06-19,2026-06-21,TRANSPORTADORA_A,ROTA_OESTE
7,7,2026-07-10,2026-07-14,2026-07-14,FROTA_PROPRIA,ROTA_CENTRO
8,8,2025-10-10,2025-10-11,2025-10-11,TRANSPORTADORA_B,ROTA_OESTE
9,9,2025-03-28,2025-03-29,2025-04-01,TRANSPORTADORA_B,ROTA_LESTE
10,10,2025-11-08,2025-11-10,2025-11-12,TRANSPORTADORA_A,ROTA_NORTE
11,11,2026-07-23,2026-07-28,2026-07-28,TRANSPORTADORA_A,ROTA_LESTE
12,12,2026-04-19,2026-04-23,2026-04-26,TRANSPORTADORA_A,ROTA_NORTE
13,13,2025-02-04,2025-02-08,2025-02-08,TRANSPORTADORA_A,ROTA_OESTE
14,14,2025-09-13,2025-09-14,2025-09-14,TRANSPORTADORA_B,ROTA_CENTRO
15,15,2026-05-31,2026-06-03,2026-06-03,TRANSPORTADORA_A,ROTA_LESTE
16,16,2025-11-21,2025-11-26,2025-11-27,FROTA_PROPRIA,ROTA_CENTRO
17,17,2026-07-20,2026-07-21,2026-07-23,TRANSPORTADORA_B,ROTA_SUL
18,18,2025-04-06,2025-04-10,2025-04-12,FROTA_PROPRIA,ROTA_LESTE
19,19,2025-04-19,2025-04-24,2025-04-24,TRANSPORTADORA_A,ROTA_LESTE
20,20,2025-11-21,2025-11-26,2025-11-26,FROTA_PROPRIA,ROTA_SUL
