estoque_id,produto_id,data_referencia,quantidade_estoque,estoque_minimo,estoque_maximo,local_estoque
1,19,2025-04-10,5844,929,9290,CD_MANAUS
2,2,2025-02-06,9563,382,3056,CD_MANAUS
3,13,2025-06-30,8113,221,1547,EXPEDICAO
4,12,2025-10-03,7123,126,1386,FABRICA
5,18,2025-11-11,3682,292,3212,FABRICA
6,9,2025-09-01,2304,525,4200,EXPEDICAO
7,2,2025-08-18,7009,350,3500,CD_MANAUS
8,1,2026-05-30,6596,346,3114,FABRICA
9,7,2025-09-19,9759,224,1568,CD_MANAUS
10,9,2025-10-22,5422,777,7770,CD_MANAUS
11,4,2025-03-24,3340,489,4890,FABRICA
12,11,2026-07-22,9277,548,4384,FABRICA
13,6,2025-05-30,1846,635,5080,EXPEDICAO
14,20,2025-06-04,7834,867,6069,EXPEDICAO
15,6,2025-07-08,7945,627,6270,EXPEDICAO
16,2,2026-05-31,7769,545,6540,EXPEDICAO
17,16,2025-07-15,5541,976,4880,FABRICA
18,8,2025-08-16,597,649,3894,EXPEDICAO
19,7,2026-01-10,4028,817,5719,FABRICA
20,3,2025-07-05,952,513,6156,EXPEDICAO
