item_id,pedido_id,produto_id,quantidade,preco_unitario,percentual_desconto,valor_total_item
1,1,14,48,12.61,3.8,582.28
2,2,9,49,18.9,8.1,851.09
3,2,3,22,6.38,2.41,136.98
4,2,12,37,26.97,9.87,899.4
5,2,17,16,13.9,0.56,221.15
6,3,13,1,9.38,5.33,8.88
7,3,15,13,14.58,5.82,178.51
8,3,3,8,6.38,2.42,49.8
9,4,18,25,11.83,3.66,284.93
10,4,14,14,12.61,7.42,163.44
11,4,15,20,14.58,4.17,279.44
12,5,20,34,8.97,4.54,291.13
13,6,17,21,13.9,2.34,285.07
14,7,2,36,15.42,2.8,539.58
15,7,9,41,18.9,0.67,769.71
16,7,8,2,28.86,2.93,56.03
17,7,14,8,12.61,8.26,92.55
18,7,6,38,7.9,8.91,273.45
19,8,16,36,23.36,4.04,806.99
20,8,19,38,24.99,0.89,941.17
