pedido_id,cliente_id,vendedor_id,data_pedido,canal_venda,status_pedido,forma_pagamento,valor_bruto,valor_desconto,valor_total
1,6349.0,10,2026-06-09,DISTRIBUIDOR,ENTREGUE,BOLETO,1604.75,1022.47,582.28
2,6187.0,11,2025-05-29,WHATSAPP,ENTREGUE,TRANSFERENCIA,2214.05,105.43,2108.62
3,913.0,1,2025-06-19,TELEFONE,ENTREGUE,PIX,3901.05,3663.86,237.19
4,4702.0,3,2026-01-17,PORTAL,PENDENTE,TRANSFERENCIA,764.2,36.39,727.81
5,1673.0,12,2026-01-04,VENDEDOR,PENDENTE,CARTAO,2285.46,1994.33,291.13
6,4300.0,7,2026-06-13,TELEFONE,CANCELADO,PIX,2617.35,2332.28,285.07
7,7068.0,3,2026-07-10,VENDEDOR,ENTREGUE,BOLETO,1817.89,86.57,1731.32
8,9066.0,19,2025-10-10,PORTAL,PENDENTE,PIX,2916.62,1168.46,1748.16
9,3174.0,27,2025-03-26,WHATSAPP,ENTREGUE,TRANSFERENCIA,2939.33,2301.61,637.72
10,9039.0,19,2025-11-07,WHATSAPP,ENTREGUE,PIX,1984.99,1141.37,843.62
11,4253.0,45,2026-07-23,TELEFONE,ENTREGUE,TRANSFERENCIA,766.5,29.9,736.6
12,7562.0,16,2026-04-19,VENDEDOR,ENTREGUE,CARTAO,997.39,868.53,128.86
13,1801.0,35,2025-02-02,TELEFONE,ENTREGUE,TRANSFERENCIA,359.29,17.11,342.18
14,4319.0,8,2025-09-12,DISTRIBUIDOR,ENTREGUE,PIX,3174.93,873.18,2301.75
15,7442.0,6,2026-05-29,DISTRIBUIDOR,PENDENTE,PIX,1947.01,1412.85,534.16
16,2052.0,47,2025-11-19,PORTAL,PENDENTE,BOLETO,4162.56,2722.26,1440.3
17,6705.0,36,2026-07-20,TELEFONE,ENTREGUE,PIX,4447.53,3653.6,793.93
18,1287.0,18,2025-04-06,TELEFONE,FATURADO,PIX,4845.67,4553.32,292.35
19,9214.0,41,2025-04-17,WHATSAPP,FATURADO,CARTAO,1320.98,62.9,1258.08
20,3793.0,11,2025-11-19,VENDEDOR,ENTREGUE,PIX,4612.07,2846.17,1765.9
