produto_id,descricao,categoria,volume_ml,tipo_embalagem,preco_unitario,custo_unitario,status_produto
1,Água Mineral 10L,AGUA_MINERAL,10000,GARRAFAO,15.4,9.35,ATIVO
2,Água Mineral 350ml,AGUA_MINERAL,350,PET,15.42,7.66,ATIVO
3,Água Mineral 20L,AGUA_MINERAL,20000,GARRAFAO,6.38,2.87,ATIVO
4,Água Mineral 500ml,AGUA_MINERAL,500,PET,20.85,15.28,ATIVO
5,Água Mineral 2L,AGUA_MINERAL,2000,PET,14.53,9.29,ATIVO
6,Água Mineral 20L,AGUA_MINERAL,20000,GARRAFAO,7.9,4.55,ATIVO
7,Água Mineral 350ml,AGUA_MINERAL,350,PET,15.05,7.78,ATIVO
8,Água Mineral 350ml,AGUA_MINERAL,350,PET,28.86,14.91,ATIVO
9,Água Mineral 10L,AGUA_MINERAL,10000,GARRAFAO,18.9,13.9,ATIVO
10,Água Mineral 5L,AGUA_MINERAL,5000,PET,4.89,2.58,ATIVO
11,Água Mineral 2L,AGUA_MINERAL,2000,PET,19.01,9.72,ATIVO
12,Água Mineral 20L,AGUA_MINERAL,20000,GARRAFAO,26.97,14.24,ATIVO
13,Água Mineral 20L,AGUA_MINERAL,20000,GARRAFAO,9.38,4.32,ATIVO
14,Água Mineral 10L,AGUA_MINERAL,10000,GARRAFAO,12.61,7.62,ATIVO
15,Água Mineral 10L,AGUA_MINERAL,10000,GARRAFAO,14.58,6.86,ATIVO
16,Água Mineral 5L,AGUA_MINERAL,5000,PET,23.36,16.77,ATIVO
17,Água Mineral 500ml,AGUA_MINERAL,500,PET,13.9,7.73,ATIVO
18,Água Mineral 350ml,AGUA_MINERAL,350,PET,11.83,7.48,ATIVO
19,Água Mineral 5L,AGUA_MINERAL,5000,PET,24.99,12.8,ATIVO
20,Água Mineral 2L,AGUA_MINERAL,2000,PET,8.97,6.06,ATIVO
