producao_id,produto_id,data_producao,lote,turno,quantidade_produzida,quantidade_descartada,linha_producao
1,20,2025-07-31,LT00000001,TARDE,1996,56,LINHA_02
2,15,2026-05-11,LT00000002,MANHA,15184,298,LINHA_03
3,6,2025-04-26,LT00000003,MANHA,12404,117,LINHA_01
4,11,2026-07-31,LT00000004,TARDE,798,16,LINHA_01
5,5,2025-08-03,LT00000005,NOITE,19567,356,LINHA_03
6,12,2025-11-22,LT00000006,MANHA,16428,295,LINHA_02
7,20,2025-04-30,LT00000007,TARDE,15053,64,LINHA_03
8,18,2025-04-30,LT00000008,MANHA,6146,141,LINHA_03
9,11,2025-09-17,LT00000009,TARDE,2356,20,LINHA_02
10,8,2026-01-15,LT00000010,TARDE,2553,38,LINHA_01
11,10,2025-12-08,LT00000011,MANHA,18183,503,LINHA_01
12,1,2026-07-28,LT00000012,NOITE,11218,217,LINHA_02
13,5,2025-08-09,LT00000013,TARDE,4545,62,LINHA_01
14,16,2025-09-24,LT00000014,MANHA,4796,101,LINHA_01
15,16,2026-01-30,LT00000015,NOITE,932,13,LINHA_01
16,4,2026-02-20,LT00000016,MANHA,2236,9,LINHA_02
17,4,2025-11-30,LT00000017,TARDE,8631,50,LINHA_03
18,5,2025-09-30,LT00000018,TARDE,15740,68,LINHA_01
19,5,2025-03-18,LT00000019,TARDE,14462,219,LINHA_02
20,6,2026-03-16,LT00000020,TARDE,4503,9,LINHA_02
